,categories,dates,event_links,event_titles
0,"Theater,Free Summer Theater,FoodFree",09/08/2017,https://www.nycgovparks.org/events/2017/09/08/bryant-park-presents-shakespeare,Bryant Park Presents: Shakespeare: The Tempest
1,"Nature,Hiking,WildlifeFree",09/08/2017,https://www.nycgovparks.org/events/2017/09/08/bat-bonanza-night-hike-at-willowbrook-park,Bat Bonanza Night Hike at Willowbrook Park
2,"Film,Best for Kids,Free Summer Movies,Movies Under the StarsFree",09/08/2017,https://www.nycgovparks.org/events/2017/09/08/movies-under-the-stars-zootopia,Movies Under the Stars: Zootopia
3,"Accessible,Film,Best for Kids,Free Summer Movies,Movies Under the StarsFree",09/08/2017,https://www.nycgovparks.org/events/2017/09/08/movies-under-the-stars-moana,Movies Under the Stars: Moana
4,"Film,Free Summer Movies,Movies Under the StarsFree",09/08/2017,https://www.nycgovparks.org/events/2017/09/08/movies-under-the-stars-rogue-one-a-star-wars-story,Movies Under the Stars: Rogue One: A Star Wars Story
5,"Film,Free Summer Movies,Movies Under the StarsFree",09/08/2017,https://www.nycgovparks.org/events/2017/09/08/movies-under-the-stars-grease,Movies Under the Stars: Grease
6,"Film,Best for Kids,Free Summer Movies,Movies Under the StarsFree",09/08/2017,https://www.nycgovparks.org/events/2017/09/08/movies-under-the-stars-moana1,Movies Under the Stars: Moana
7,"Film,Best for Kids,Free Summer Movies,Movies Under the StarsFree",09/08/2017,https://www.nycgovparks.org/events/2017/09/08/movies-under-the-stars-moana2,Movies Under the Stars: Moana
8,ArtFree,09/09/2017,https://www.nycgovparks.org/events/2017/09/09/the-fence,The Fence
9,FitnessFree,09/09/2017,https://www.nycgovparks.org/events/2017/09/09/van-cortlandt-track-club,Van Cortlandt Track Club
10,"Theater,Free Summer Theater,FoodFree",09/08/2017,https://www.nycgovparks.org/events/2017/09/08/bryant-park-presents-shakespeare,Bryant Park Presents: Shakespeare: The Tempest
11,"Nature,Hiking,WildlifeFree",09/08/2017,https://www.nycgovparks.org/events/2017/09/08/bat-bonanza-night-hike-at-willowbrook-park,Bat Bonanza Night Hike at Willowbrook Park
12,"Film,Best for Kids,Free Summer Movies,Movies Under the StarsFree",09/08/2017,https://www.nycgovparks.org/events/2017/09/08/movies-under-the-stars-zootopia,Movies Under the Stars: Zootopia
13,"Accessible,Film,Best for Kids,Free Summer Movies,Movies Under the StarsFree",09/08/2017,https://www.nycgovparks.org/events/2017/09/08/movies-under-the-stars-moana,Movies Under the Stars: Moana
14,"Film,Free Summer Movies,Movies Under the StarsFree",09/08/2017,https://www.nycgovparks.org/events/2017/09/08/movies-under-the-stars-rogue-one-a-star-wars-story,Movies Under the Stars: Rogue One: A Star Wars Story
15,"Film,Free Summer Movies,Movies Under the StarsFree",09/08/2017,https://www.nycgovparks.org/events/2017/09/08/movies-under-the-stars-grease,Movies Under the Stars: Grease
16,"Film,Best for Kids,Free Summer Movies,Movies Under the StarsFree",09/08/2017,https://www.nycgovparks.org/events/2017/09/08/movies-under-the-stars-moana1,Movies Under the Stars: Moana
17,"Film,Best for Kids,Free Summer Movies,Movies Under the StarsFree",09/08/2017,https://www.nycgovparks.org/events/2017/09/08/movies-under-the-stars-moana2,Movies Under the Stars: Moana
18,ArtFree,09/09/2017,https://www.nycgovparks.org/events/2017/09/09/the-fence,The Fence
19,FitnessFree,09/09/2017,https://www.nycgovparks.org/events/2017/09/09/van-cortlandt-track-club,Van Cortlandt Track Club
20,"Birding,Education,Nature,Tours,WildlifeFree",09/09/2017,https://www.nycgovparks.org/events/2017/09/09/bird-walks,Bird Walks
21,"Volunteer,It's My ParkFree",09/09/2017,https://www.nycgovparks.org/events/2017/09/09/its-my-park-at-lafayette-ave-mall-greenstreet,CANCELLED: It's My Park at Lafayette Ave Mall Greenstreet
22,"Markets,Food,WaterfrontFree",09/09/2017,https://www.nycgovparks.org/events/2017/09/09/socrates-farmers-market,Socrates Farmers Market
23,FitnessFree,09/09/2017,https://www.nycgovparks.org/events/2017/09/09/morning-fitness-at-fort-tryon-park,Morning Fitness at Fort Tryon Park
24,"Sports,Bocce TournamentFree",09/09/2017,https://www.nycgovparks.org/events/2017/09/09/bocce-tournament,Queens Bocce Tournament
25,VolunteerFree,09/09/2017,https://www.nycgovparks.org/events/2017/09/09/volunteer-at-washington-square-park,Volunteer at Washington Square Park
26,FitnessFree,09/09/2017,https://www.nycgovparks.org/events/2017/09/09/nyrr-open-run-soundview-park,NYRR Open Run: Soundview Park
27,"Fitness,Outdoor FitnessFree",09/09/2017,https://www.nycgovparks.org/events/2017/09/09/nyrr-open-run-astoria-park,CANCELLED: NYRR Open Run: Astoria Park
28,FitnessFree,09/09/2017,https://www.nycgovparks.org/events/2017/09/09/nyrr-open-run-canarsie-park,NYRR Open Run: Canarsie Park
29,FitnessFree,09/09/2017,https://www.nycgovparks.org/events/2017/09/09/nyrr-open-run-inwood-hill-park,NYRR Open Run: Inwood Hill Park
30,FitnessFree,09/09/2017,https://www.nycgovparks.org/events/2017/09/09/nyrr-open-run-st-marys-park,NYRR Open Run: St. Mary's Park
31,"Volunteer,It's My ParkFree",09/09/2017,https://www.nycgovparks.org/events/2017/09/09/its-my-park-at-northerleigh-park,CANCELLED: It's My Park at Northerleigh Park
32,"Volunteer,It's My ParkFree",09/09/2017,https://www.nycgovparks.org/events/2017/09/09/its-my-park-at-westerleigh-park,It's My Park at Westerleigh Park
33,"Education,Nature,Fitness,Sports,Waterfront",09/09/2017,https://www.nycgovparks.org/events/2017/09/09/learntorow-1,Learn-to-Row 1
34,"Markets,Food",09/09/2017,https://www.nycgovparks.org/events/2017/09/09/hattie-carthan-community-saturday-farmers-market,Hattie Carthan Community Saturday Farmers Market
35,"Volunteer,It's My ParkFree",09/09/2017,https://www.nycgovparks.org/events/2017/09/09/its-my-park-at-forest-park,It's My Park at Forest Park
36,"Accessible,Art,HistoryFree",09/09/2017,https://www.nycgovparks.org/events/2017/09/09/the-bronx-meets-east-africa,The Bronx Meets East Africa
37,"Games,Sports,Bocce TournamentFree",09/09/2017,https://www.nycgovparks.org/events/2017/09/09/manhattan-bocce-tournament,Manhattan Bocce Tournament
38,"Nature,Sports,Kayaking and Canoeing,Waterfront",09/09/2017,https://www.nycgovparks.org/events/2017/09/09/upper-river-paddle,Upper River Paddle
39,"Accessible,FitnessFree",09/09/2017,https://www.nycgovparks.org/events/2017/09/09/shape-up-zumbaadults,Shape Up NYC: Zumba - Adults
40,"Fitness,Outdoor FitnessFree",09/09/2017,https://www.nycgovparks.org/events/2017/09/09/free-yoga-brooklyn,Free Yoga
41,"Fitness,Outdoor FitnessFree",09/09/2017,https://www.nycgovparks.org/events/2017/09/09/free-yoga-brooklyn1,Free Yoga
42,"Fitness,Outdoor FitnessFree",09/09/2017,https://www.nycgovparks.org/events/2017/09/09/free-yoga-east-harlem,Free Yoga
43,"Accessible,Art,Fitness,Outdoor Fitness,SeniorsFree",09/09/2017,https://www.nycgovparks.org/events/2017/09/09/free-yoga-and-public-art-in-morningside-park,Free Yoga and Public Art in Morningside Park
44,"Nature,Volunteer,WaterfrontFree",09/09/2017,https://www.nycgovparks.org/events/2017/09/09/green-team,Green Team
45,"Education,Nature,Fitness,Best for Kids,Tours,Outdoor Fitness,SeniorsFree",09/09/2017,https://www.nycgovparks.org/events/2017/09/09/claremont-in-motion-bike-ride,Claremont in Motion Bike Ride
46,"Volunteer,It's My ParkFree",09/09/2017,https://www.nycgovparks.org/events/2017/09/09/its-my-park-at-owls-head-park,It's My Park at Owl's Head Park
47,"Arts & Crafts,Best for KidsFree",09/09/2017,https://www.nycgovparks.org/events/2017/09/09/family-art-project-borderless-plants-and-kavad-boxes,Family Art Project: Borderless Plants and Kavad Boxes
48,"Volunteer,It's My ParkFree",09/09/2017,https://www.nycgovparks.org/events/2017/09/09/its-my-park-at-red-hook-recreation-area,It's My Park at Red Hook Recreation Area
49,"Volunteer,It's My ParkFree",09/09/2017,https://www.nycgovparks.org/events/2017/09/09/its-my-park-at-charlton-garden,CANCELLED: It's My Park at Charlton Garden
50,VolunteerFree,09/09/2017,https://www.nycgovparks.org/events/2017/09/09/saturday-woodland-corps,Saturday Woodland Corps
51,"Nature,ArtFree",09/09/2017,https://www.nycgovparks.org/events/2017/09/09/ikebana-on-view,Ikebana on View
52,"Volunteer,It's My ParkFree",09/09/2017,https://www.nycgovparks.org/events/2017/09/09/its-my-park-at-drew-playground,It's My Park at Drew Playground
53,"Accessible,Fitness,Outdoor Fitness,SeniorsFree",09/09/2017,https://www.nycgovparks.org/events/2017/09/09/st-marys-senior-marlins-celebrate-second-saturday-family-day,St. Mary's Senior Marlins Celebrate Second Saturday Family Day
54,"Best for Kids,SportsFree",09/09/2017,https://www.nycgovparks.org/events/2017/09/09/new-york-bike-jumble,New York Bike Jumble
55,"Art,History,ToursFree",09/09/2017,https://www.nycgovparks.org/events/2017/09/09/conference-house-inside-out,Conference House: Inside Out
56,"Fitness,Outdoor FitnessFree",09/09/2017,https://www.nycgovparks.org/events/2017/09/09/summer-on-the-hudson-butt-gut,Summer on the Hudson: Butt & Gut
57,"Dance,Fitness,Sports,Waterfront,Outdoor FitnessFree",09/09/2017,https://www.nycgovparks.org/events/2017/09/09/summer-on-the-hudson-shape-up-nyc-zumba-in-west-harlem-piers-park,Summer on the Hudson: Shape Up NYC Zumba in West Harlem Piers Park
58,Best for KidsFree,09/09/2017,https://www.nycgovparks.org/events/2017/09/09/stories-at-the-statue-of-hans-christian-andersen,Stories at the Statue of Hans Christian Andersen
59,"Art,Fitness,Sports,Outdoor Fitness,SeniorsFree",09/09/2017,https://www.nycgovparks.org/events/2017/09/09/public-art-and-yoga-in-fort-greene-park,Public Art and Yoga In Fort Greene Park
60,"Education,NatureFree",09/09/2017,https://www.nycgovparks.org/events/2017/09/09/wormshop-nyc-compost-project,NYC Compost Project: Wormshop
61,"Nature,ToursFree",09/09/2017,https://www.nycgovparks.org/events/2017/09/09/garden-highlights-walk,Garden Highlights Walk
62,"Arts & Crafts,Nature,ArtFree",09/09/2017,https://www.nycgovparks.org/events/2017/09/09/ikebana-demonstration,Ikebana Demonstration
63,"Arts & Crafts,Best for Kids,Theater",09/09/2017,https://www.nycgovparks.org/events/2017/09/09/the-princess-the-emperor-and-the-duck,"The Princess, The Emperor and The Duck"
64,"Education,NatureFree",09/09/2017,https://www.nycgovparks.org/events/2017/09/09/wormshop,Wormshop
65,"Education,Nature,History,Tours,Seniors",09/09/2017,https://www.nycgovparks.org/events/2017/09/09/central-park-tour-northern-forts,Central Park Tour: Northern Forts
66,EducationFree,09/09/2017,https://www.nycgovparks.org/events/2017/09/09/screen-writers-workshop,Screenwriters Workshop
67,"Education,Art,SeniorsFree",09/09/2017,https://www.nycgovparks.org/events/2017/09/09/arts-culture-fun-make-your-mark,"Arts, Culture & Fun: Make Your Mark"
68,"Best for Kids,SportsFree",09/09/2017,https://www.nycgovparks.org/events/2017/09/09/learn-to-ride,Learn to Ride
69,"Education,VolunteerFree",09/09/2017,https://www.nycgovparks.org/events/2017/09/09/workshop-for-new-volunteers-how-to-get-involved-with-your-park1,Workshop: Caring for Staten Island Parks
70,"Volunteer,It's My ParkFree",09/09/2017,https://www.nycgovparks.org/events/2017/09/09/its-my-park-at-leif-ericson-park,It's My Park at Leif Ericson Park
71,"Volunteer,It's My ParkFree",09/09/2017,https://www.nycgovparks.org/events/2017/09/09/its-my-park-at-st-marys-park,It's My Park at St. Mary's Park
72,"Education,Nature,Best for Kids,Tours,Food,Talks,WaterfrontFree",09/09/2017,https://www.nycgovparks.org/events/2017/09/09/urban-farm-exploration-day,Urban Farm Exploration Day
73,"Birding,Nature,WildlifeFree",09/09/2017,https://www.nycgovparks.org/events/2017/09/09/introduction-to-bird-watching,Introduction to Bird Watching
74,"Arts & Crafts,Nature,Art,Best for KidsFree",09/09/2017,https://www.nycgovparks.org/events/2017/09/09/saturday-sculpture-workshop-clay-sculpture-with-the-noguchi-museum,Saturday Sculpture Workshop: Clay Sculpture with The Noguchi Museum
75,"Arts & Crafts,Education,DanceFree",09/09/2017,https://www.nycgovparks.org/events/2017/09/09/williamsbridge-oval-park-80th-birthday,Williamsbridge Oval Park 80th Birthday
76,"Fitness,History,Outdoor FitnessFree",09/09/2017,https://www.nycgovparks.org/events/2017/09/09/capoeira-for-beginners,Capoeira for Beginners
77,"Arts & Crafts,Best for Kids,Theater",09/09/2017,https://www.nycgovparks.org/events/2017/09/09/the-princess-the-emperor-and-the-duck1,"The Princess, The Emperor and The Duck"
78,"Education,NatureFree",09/09/2017,https://www.nycgovparks.org/events/2017/09/09/turn-learn-nyc-compost-project,Turn & Learn (NYC Compost Project)
79,"Education,Nature,Food,Talks,WaterfrontFree",09/09/2017,https://www.nycgovparks.org/events/2017/09/09/medicine-plant-workshop,Medicine Plant Workshop
80,TalksFree,09/09/2017,https://www.nycgovparks.org/events/2017/09/09/the-bronx-meets-east-africa-panel-discussion,The Bronx Meets East Africa Panel Discussion
81,"Concerts,Free Summer ConcertsFree",09/09/2017,https://www.nycgovparks.org/events/2017/09/09/ingardens-free-jazz-concerts,InGardens Free Jazz Concerts
82,Best for KidsFree,09/09/2017,https://www.nycgovparks.org/events/2017/09/09/the-magic-of-rogue-at-forest-park-carousel,The Magic of Rogue at Forest Park Carousel
83,"Accessible,History,ToursFree",09/09/2017,https://www.nycgovparks.org/events/2017/09/09/union-square-park-crossroads-of-new-york-walking-tour,Union Square Park: Crossroads of New York Walking Tour
84,"Arts & Crafts,Best for KidsFree",09/09/2017,https://www.nycgovparks.org/events/2017/09/09/paper-arts-and-crafts,CANCELLED: Paper Arts and Crafts
85,"Accessible,Arts & CraftsFree",09/09/2017,https://www.nycgovparks.org/events/2017/09/09/crochet-basics-accessories-adults,CANCELLED: Crochet Basics and Accessories - Adults
86,"Education,NatureFree",09/09/2017,https://www.nycgovparks.org/events/2017/09/09/outdoor-skills-fire-building,Outdoor Skills: Fire Building
87,"Education,Nature,History,Tours",09/09/2017,https://www.nycgovparks.org/events/2017/09/09/central-park-tour-the-art-of-the-park,Central Park Tour: The Art of the Park
88,"Education,Nature,History,Best for KidsFree",09/09/2017,https://www.nycgovparks.org/events/2017/09/09/family-nature-scavenger-hunt-at-fort-tryon-park,Family Nature Scavenger Hunt at Fort Tryon Park
89,"Education,Nature",09/09/2017,https://www.nycgovparks.org/events/2017/09/09/101compost-101-in-chinese,Compost 101 (Chinese-Language Workshop)
90,"Concerts,Festivals,Free Summer ConcertsFree",09/09/2017,https://www.nycgovparks.org/events/2017/09/09/8th-annual-fort-greene-park-jazz-festival,8th Annual Fort Greene Park Jazz Festival
91,Best for KidsFree,09/09/2017,https://www.nycgovparks.org/events/2017/09/09/the-magic-of-rogue-at-forest-park-carousel1,The Magic of Rogue at Forest Park Carousel
92,"Accessible,Dance,Film,Games,Free Summer Movies,SeniorsFree",09/09/2017,https://www.nycgovparks.org/events/2017/09/09/fordham-film-festival,Fordham Film Festival
93,"Dance,WaterfrontFree",09/09/2017,https://www.nycgovparks.org/events/2017/09/09/arts-culture-fun-silent-disco,"Arts, Culture & Fun: Silent Disco"
94,"Concerts,Film,Free Summer Movies,Free Summer Concerts,Movies Under the StarsFree",09/09/2017,https://www.nycgovparks.org/events/2017/09/09/historic-harlem-parks-manhattan-recreation-film-festival,Historic Harlem Parks & Manhattan Recreation Film Festival: The Fits
95,"Nature,AstronomyFree",09/09/2017,https://www.nycgovparks.org/events/2017/09/09/urban-starfest-in-central-park,Urban Starfest in Central Park
96,"Theater,Free Summer Theater,FoodFree",09/09/2017,https://www.nycgovparks.org/events/2017/09/09/bryant-park-presents-shakespeare,Bryant Park Presents: Shakespeare: The Tempest
97,"Accessible,Film,Best for Kids,Free Summer Movies,Movies Under the StarsFree",09/09/2017,https://www.nycgovparks.org/events/2017/09/09/movies-under-the-stars-moana,Movies Under the Stars: Moana
98,"Accessible,Film,Best for Kids,Free Summer Movies,Movies Under the StarsFree",09/09/2017,https://www.nycgovparks.org/events/2017/09/09/movies-under-the-stars-sing,Movies Under the Stars: Sing
99,"Education,Nature,TalksFree",09/09/2017,https://www.nycgovparks.org/events/2017/09/09/the-city-after-climate-change,The City After Climate Change
100,"Film,Best for Kids,Free Summer Movies,Movies Under the StarsFree",09/09/2017,https://www.nycgovparks.org/events/2017/09/09/movies-under-the-stars-storks,Movies Under the Stars: Storks
101,"Film,Free Summer Movies,Movies Under the StarsFree",09/09/2017,https://www.nycgovparks.org/events/2017/09/09/movies-under-the-stars-guardians-of-the-galaxy-vol-2,Movies Under the Stars: Guardians of the Galaxy Vol. 2
102,"Accessible,Concerts,Art,Film,Free Summer Movies,Free Summer Concerts,SeniorsFree",09/09/2017,https://www.nycgovparks.org/events/2017/09/09/outdoor-movie-screening-nysferatu-symphony-of-a-century-by-andrea-mostrovito1,Outdoor Movie Screening - NYsferatu: Symphony of a Century by Andrea Mastrovito
103,"Film,Free Summer Movies,Movies Under the StarsFree",09/09/2017,https://www.nycgovparks.org/events/2017/09/09/movies-under-the-stars-hidden-figures,Movies Under the Stars: Hidden Figures
104,ArtFree,09/10/2017,https://www.nycgovparks.org/events/2017/09/10/the-fence,The Fence
105,FitnessFree,09/10/2017,https://www.nycgovparks.org/events/2017/09/10/nyrr-open-run-marine-park,NYRR Open Run: Marine Park
106,FitnessFree,09/10/2017,https://www.nycgovparks.org/events/2017/09/10/nyrr-open-run-conference-house-park,NYRR Open Run: Conference House Park
107,FitnessFree,09/10/2017,https://www.nycgovparks.org/events/2017/09/10/nyrr-open-run-crotona-park,NYRR Open Run: Crotona Park
108,FitnessFree,09/10/2017,https://www.nycgovparks.org/events/2017/09/10/nyrr-open-run-cunningham-park,NYRR Open Run: Cunningham Park
109,"Markets,FoodFree",09/10/2017,https://www.nycgovparks.org/events/2017/09/10/farmers-market,Cunningham Park Farmers Market
110,"Markets,Food",09/10/2017,https://www.nycgovparks.org/events/2017/09/10/hattie-carthan-community-sunday-farmers-market,Hattie Carthan Community Sunday Farmers Market
111,"Birding,Education,Nature,Tours,Wildlife",09/10/2017,https://www.nycgovparks.org/events/2017/09/10/fall-birding,Fall Birding
112,"Fitness,Outdoor FitnessFree",09/10/2017,https://www.nycgovparks.org/events/2017/09/10/free-yoga-in-the-hudson-boulevard-park,Free Yoga
113,"Fitness,Outdoor FitnessFree",09/10/2017,https://www.nycgovparks.org/events/2017/09/10/tai-chi-fort-greene,Tai Chi Fort Greene
114,"Nature,History,Tours",09/10/2017,https://www.nycgovparks.org/events/2017/09/10/prospect-park-walking-tours,Prospect Park Walking Tours
115,VolunteerFree,09/10/2017,https://www.nycgovparks.org/events/2017/09/10/roger-morris-park-garden-volunteer-day,Roger Morris Park Garden Volunteer Day
116,"Arts & Crafts,Best for Kids",09/10/2017,https://www.nycgovparks.org/events/2017/09/10/family-art-project-borderless-plants-and-kavad-boxes,Family Art Project: Borderless Plants and Kavad Boxes
117,"Volunteer,It's My ParkFree",09/10/2017,https://www.nycgovparks.org/events/2017/09/10/its-my-park-at-cedar-grove-beach,It's My Park at Cedar Grove Beach
118,"History,ToursFree",09/10/2017,https://www.nycgovparks.org/events/2017/09/10/worlds-fair-history-walking-tour,CANCELLED: World's Fair History Walking Tour
119,"Arts & Crafts,Best for Kids,Theater",09/10/2017,https://www.nycgovparks.org/events/2017/09/10/the-princess-the-emperor-and-the-duck,"The Princess, The Emperor and The Duck"
120,"History,Tours,HikingFree",09/10/2017,https://www.nycgovparks.org/events/2017/09/10/historic-new-york-old-croton-aqueduct,Historic New York: Old Croton Aqueduct
121,"Education,Nature,History,Tours,Seniors",09/10/2017,https://www.nycgovparks.org/events/2017/09/10/central-park-tour-north-woods,Central Park Tour: North Woods
122,"Nature,Hiking,WildlifeFree",09/10/2017,https://www.nycgovparks.org/events/2017/09/10/thomas-jefferson-park-to-randalls-island-moderate,Thomas Jefferson Park to Randall's Island Hike (Moderate)
123,"Nature,FishingFree",09/10/2017,https://www.nycgovparks.org/events/2017/09/10/seining1,Seining
124,"Nature,HikingFree",09/10/2017,https://www.nycgovparks.org/events/2017/09/10/trail-of-the-month-red-trail-from-high-rock-park,Trail of the Month: Red Trail from High Rock Park
125,"Education,Dance,Nature,Art,WaterfrontFree",09/10/2017,https://www.nycgovparks.org/events/2017/09/10/healing-drum-circle,Healing Drum Circle
126,"Education,Nature,Best for Kids,Tours,Food,Talks,WaterfrontFree",09/10/2017,https://www.nycgovparks.org/events/2017/09/10/urban-farm-exploration-day,Urban Farm Exploration Day
127,"Volunteer,It's My ParkFree",09/10/2017,https://www.nycgovparks.org/events/2017/09/10/its-my-park-at-maria-hernandez-park,POSTPONED:  It's My Park at Maria Hernandez Park
128,"Education,Nature,Best for Kids,Tours",09/10/2017,https://www.nycgovparks.org/events/2017/09/10/family-nature-walk,Family Nature Walk
129,"Nature,Fitness,Sports,Kayaking and Canoeing,Waterfront,Outdoor FitnessFree",09/10/2017,https://www.nycgovparks.org/events/2017/09/10/free-community-rowing-at-pier-40,Free Community Rowing at Pier 40
130,VolunteerFree,09/10/2017,https://www.nycgovparks.org/events/2017/09/10/forest-crew,Forest Crew
131,"History,ToursFree",09/10/2017,https://www.nycgovparks.org/events/2017/09/10/worlds-fair-history-walking-tour1,CANCELLED: World's Fair History Walking Tour
132,"Arts & Crafts,Best for Kids,Theater",09/10/2017,https://www.nycgovparks.org/events/2017/09/10/the-princess-the-emperor-and-the-duck1,"The Princess, The Emperor and The Duck"
133,"Nature,Best for Kids,WildlifeFree",09/10/2017,https://www.nycgovparks.org/events/2017/09/10/seaside-wildlife-exploration,Seaside Wildlife Exploration
134,"Nature,ToursFree",09/10/2017,https://www.nycgovparks.org/events/2017/09/10/nature-scavenger-hunt,Nature Scavenger Hunt
135,"Accessible,Best for Kids,Sports",09/10/2017,https://www.nycgovparks.org/events/2017/09/10/youth-wheelchair-basketball-host-by-new-york-rolling-fury,Youth Wheelchair Basketball Hosted by New York Rolling Fury
136,"Concerts,DanceFree",09/10/2017,https://www.nycgovparks.org/events/2017/09/10/the-7th-annual-washington-square-park-folk-festival,The 7th Annual Washington Square Park Folk Festival
137,"Accessible,Arts & Crafts,Concerts,Festivals,Games,Best for Kids,Free Summer Concerts,WaterfrontFree",09/10/2017,https://www.nycgovparks.org/events/2017/09/10/summer-on-the-hudson-west-side-county-fair,Summer on the Hudson: West Side County Fair
138,Best for KidsFree,09/10/2017,https://www.nycgovparks.org/events/2017/09/10/bonkerz-the-clown-at-fantasy-forest-amusement-park,Bonkerz The Clown at Fantasy Forest Amusement Park
139,"Nature,Tours",09/10/2017,https://www.nycgovparks.org/events/2017/09/10/garden-highlights-walk,Garden Highlights Walk
140,"Concerts,Free Summer ConcertsFree",09/10/2017,https://www.nycgovparks.org/events/2017/09/10/citimusic-at-red-shed-community-garden,CITIMUSIC at RED SHED COMMUNITY GARDEN
141,Art,09/10/2017,https://www.nycgovparks.org/events/2017/09/10/fall-exhibitions-opening,"Fall Exhibition Opening: ""Call & Response"""
142,"Accessible,Education,Art,History,TalksFree",09/10/2017,https://www.nycgovparks.org/events/2017/09/10/talking-to-the-bones-poems-on-african-american-burial-ground,Talking to the Bones: Poems on African American Burial Ground
143,Best for KidsFree,09/10/2017,https://www.nycgovparks.org/events/2017/09/10/bonkerz-the-clown-at-fantasy-forest-amusement-park1,Bonkerz The Clown at Fantasy Forest Amusement Park
144,"Accessible,Concerts,Nature,Free Summer ConcertsFree",09/10/2017,https://www.nycgovparks.org/events/2017/09/10/jazz-in-the-park-with-alex-nguyen-and-friends,Jazz in the Park with Alex Nguyen and Friends
145,"Accessible,Film,Best for Kids,Free Summer Movies,Movies Under the StarsFree",09/10/2017,https://www.nycgovparks.org/events/2017/09/10/movies-under-the-stars-the-secret-life-of-pets,Movies Under the Stars: The Secret Life of Pets
146,"Accessible,Film,Free Summer Movies,Seniors,Movies Under the StarsFree",09/10/2017,https://www.nycgovparks.org/events/2017/09/10/movies-under-the-stars-mahogany,Movies Under the Stars: Mahogany
147,"Birding,Nature,WildlifeFree",09/11/2017,https://www.nycgovparks.org/events/2017/09/11/bryant-park-fall-birding-tours,Bryant Park Fall Birding Tours
148,"Volunteer,It's My ParkFree",09/11/2017,https://www.nycgovparks.org/events/2017/09/11/its-my-park-at-michael-j-leonard-memorial-plaza,It's My Park at Michael J. Leonard Memorial Plaza
149,VolunteerFree,09/11/2017,https://www.nycgovparks.org/events/2017/09/11/prospect-park-alliance-monday-eastside-revival,Prospect Park Alliance Monday Eastside Revival
150,"Art,History,ToursFree",09/11/2017,https://www.nycgovparks.org/events/2017/09/11/conference-house-inside-out,Conference House: Inside Out
151,"Nature,History,ToursFree",09/11/2017,https://www.nycgovparks.org/events/2017/09/11/central-park-tour-heart-of-the-park,Central Park Tour: Heart of the Park
152,"Art,ToursFree",09/11/2017,https://www.nycgovparks.org/events/2017/09/11/art-tour-mutations,High Line Art Tour: Mutations
153,"Film,Free Summer Movies,Movies Under the StarsFree",09/11/2017,https://www.nycgovparks.org/events/2017/09/11/movies-under-the-stars-star-wars-rogue-one,Movies Under the Stars: Star Wars: Rogue One
154,FitnessFree,09/12/2017,https://www.nycgovparks.org/events/2017/09/12/morning-fitness-at-fort-tryon-park,Morning Fitness at Fort Tryon Park
155,"Education,FitnessFree",09/12/2017,https://www.nycgovparks.org/events/2017/09/12/bryant-park-tai-chi,Bryant Park Tai Chi
156,"Fitness,Outdoor FitnessFree",09/12/2017,https://www.nycgovparks.org/events/2017/09/12/meditation,Meditation
157,"Nature,Fitness,Waterfront,Outdoor Fitness,SeniorsFree",09/12/2017,https://www.nycgovparks.org/events/2017/09/12/fitness-walk,Fitness Walk
158,"Accessible,Arts & Crafts,Best for KidsFree",09/12/2017,https://www.nycgovparks.org/events/2017/09/12/tiny-tots-stories-and-art,Tiny Tots Stories and Art
159,"Accessible,Art,HistoryFree",09/12/2017,https://www.nycgovparks.org/events/2017/09/12/the-bronx-meets-east-africa,The Bronx Meets East Africa
160,"Fitness,Outdoor FitnessFree",09/12/2017,https://www.nycgovparks.org/events/2017/09/12/tai-chi,Tai Chi
161,"Art,History,Tours,SeniorsFree",09/12/2017,https://www.nycgovparks.org/events/2017/09/12/tour-of-gracie-mansion,Tour of Gracie Mansion
162,"Arts & Crafts,SeniorsFree",09/12/2017,https://www.nycgovparks.org/events/2017/09/12/upcycletoartvintage-and-steam-punk,Up-Cycle-to-Art/Vintage and Steam Punk
163,"Nature,Volunteer,SeniorsFree",09/12/2017,https://www.nycgovparks.org/events/2017/09/12/biweekly-gardening-club,Bi-weekly Gardening Club
164,"Volunteer,It's My ParkFree",09/12/2017,https://www.nycgovparks.org/events/2017/09/12/its-my-park-at-mclaughlin-park,It's My Park at McLaughlin Park
165,"Art,History,ToursFree",09/12/2017,https://www.nycgovparks.org/events/2017/09/12/conference-house-inside-out,Conference House: Inside Out
166,"Art,History,Tours,SeniorsFree",09/12/2017,https://www.nycgovparks.org/events/2017/09/12/tour-of-gracie-mansion1,Tour of Gracie Mansion
167,"Nature,ToursFree",09/12/2017,https://www.nycgovparks.org/events/2017/09/12/garden-highlights-walk,Garden Highlights Walk
168,"Education,Nature,History,Tours,Seniors",09/12/2017,https://www.nycgovparks.org/events/2017/09/12/central-park-tour-northern-forts,Central Park Tour: Northern Forts
169,"Accessible,Arts & Crafts,Best for KidsFree",09/12/2017,https://www.nycgovparks.org/events/2017/09/12/kids-mixed-media-arts,Kids Mixed Media Arts
170,"Art,History,Tours,SeniorsFree",09/12/2017,https://www.nycgovparks.org/events/2017/09/12/tour-of-gracie-mansion2,Tour of Gracie Mansion
171,"Art,Tours",09/12/2017,https://www.nycgovparks.org/events/2017/09/12/gallery-tour,Gallery Tour
172,"Arts & Crafts,Best for KidsFree",09/12/2017,https://www.nycgovparks.org/events/2017/09/12/kids-le-petit-art,Kids Le Petit Art
173,"Art,History,Tours,SeniorsFree",09/12/2017,https://www.nycgovparks.org/events/2017/09/12/tour-of-gracie-mansion3,Tour of Gracie Mansion
174,"Fitness,Waterfront,Outdoor FitnessFree",09/12/2017,https://www.nycgovparks.org/events/2017/09/12/yoga-in-the-park,Yoga in the Park
175,"Education,Nature,History,Waterfront,WildlifeFree",09/12/2017,https://www.nycgovparks.org/events/2017/09/12/little-hell-gate-salt-marsh-tour,Little Hell Gate Salt Marsh Tour
176,NatureFree,09/12/2017,https://www.nycgovparks.org/events/2017/09/12/rat-prevention-for-community-composting-part-2,Rat Prevention for Community Composting: Part 2
177,"Education,Fitness,Sports,Outdoor FitnessFree",09/12/2017,https://www.nycgovparks.org/events/2017/09/12/summer-on-the-hudson-riverside-hiit,Summer on the Hudson: Riverside HIIT
178,"Dance,Fitness,Waterfront,Outdoor FitnessFree",09/12/2017,https://www.nycgovparks.org/events/2017/09/12/summer-on-the-hudson-bodyroll-workout-w-viva,Summer on the Hudson: Bodyroll Workout with VIVA!
179,"Fitness,Outdoor FitnessFree",09/12/2017,https://www.nycgovparks.org/events/2017/09/12/yoga,CANCELLED: Yoga
180,FitnessFree,09/12/2017,https://www.nycgovparks.org/events/2017/09/12/nyrr-open-run-brooklyn-bridge-park,NYRR Open Run: Brooklyn Bridge Park
181,FitnessFree,09/12/2017,https://www.nycgovparks.org/events/2017/09/12/nyrr-open-run-silver-lake-park,NYRR Open Run: Silver Lake Park
182,"Fitness,Outdoor FitnessFree",09/12/2017,https://www.nycgovparks.org/events/2017/09/12/free-bootcamp-class,Free Bootcamp Class
183,"Accessible,Sports",09/12/2017,https://www.nycgovparks.org/events/2017/09/12/wheelchair-basketball-open-gym-hosted-by-the-axis-project-wheelchair-basketball,Wheelchair Basketball Open Gym Hosted by the Axis Project Wheelchair Basketball
184,"Film,Free Summer Movies,Movies Under the StarsFree",09/12/2017,https://www.nycgovparks.org/events/2017/09/12/movies-under-the-stars-cinema-paradiso-1989,Movies Under the Stars: Cinema Paradiso (1989)
185,"Fitness,Outdoor FitnessFree",09/13/2017,https://www.nycgovparks.org/events/2017/09/13/bryant-park-boot-camp,Bryant Park Boot Camp
186,"Accessible,Fitness,Outdoor Fitness,SeniorsFree",09/13/2017,https://www.nycgovparks.org/events/2017/09/13/outdoor-exercise-with-nancy-bruning,Outdoor Exercise with Nancy Bruning
187,"Nature,VolunteerFree",09/13/2017,https://www.nycgovparks.org/events/2017/09/13/farm-and-compost-volunteer-days,Farm and Compost Volunteer Days
188,"Volunteer,It's My ParkFree",09/13/2017,https://www.nycgovparks.org/events/2017/09/13/its-my-park-at-juniper-valley-park,It's My Park at Juniper Valley Park
189,"Accessible,Art,HistoryFree",09/13/2017,https://www.nycgovparks.org/events/2017/09/13/the-bronx-meets-east-africa,The Bronx Meets East Africa
190,"Accessible,TalksFree",09/13/2017,https://www.nycgovparks.org/events/2017/09/13/basic-sign-language,Basic Sign Language
191,"Education,ToursFree",09/13/2017,https://www.nycgovparks.org/events/2017/09/13/bryant-park-public-tours,Bryant Park Public Tours
192,"Education,Nature,History,ToursFree",09/13/2017,https://www.nycgovparks.org/events/2017/09/13/central-park-tour-midpark-welcome-tour,Central Park Tour: Mid-Park Welcome Tour
193,Arts & CraftsFree,09/13/2017,https://www.nycgovparks.org/events/2017/09/13/special-express-arts,Special Express Arts 1
194,"Arts & Crafts,SeniorsFree",09/13/2017,https://www.nycgovparks.org/events/2017/09/13/adults-le-petit-zen-art,Adults Le Petit Zen Art
195,"Education,Nature,Volunteer,WaterfrontFree",09/13/2017,https://www.nycgovparks.org/events/2017/09/13/stuy-cove-park-redesign-and-plant-giveaway,Stuy Cove Park Re-design and Plant Giveaway
196,"Arts & Crafts,Best for KidsFree",09/13/2017,https://www.nycgovparks.org/events/2017/09/13/recycle-to-art,Recycle to Art
197,NatureFree,09/13/2017,https://www.nycgovparks.org/events/2017/09/13/farm-open-hours,Farm Open Hours
198,"Volunteer,It's My ParkFree",09/13/2017,https://www.nycgovparks.org/events/2017/09/13/its-my-park-at-northerleigh-park,It's My Park at Northerleigh Park
199,"Dance,Fitness,Waterfront,Outdoor FitnessFree",09/13/2017,https://www.nycgovparks.org/events/2017/09/13/dance-fitness-in-the-park,Dance Fitness in the Park
200,"Dance,Fitness,Waterfront,Outdoor FitnessFree",09/13/2017,https://www.nycgovparks.org/events/2017/09/13/zumba,Zumba
201,"Arts & Crafts,Education,Art,SeniorsFree",09/13/2017,https://www.nycgovparks.org/events/2017/09/13/arts-culture-fun-make-your-mark,"Arts, Culture & Fun: Make Your Mark"
202,"Fitness,Outdoor Fitness,HikingFree",09/13/2017,https://www.nycgovparks.org/events/2017/09/13/evening-group-hike-at-the-greenbelt-nature-center,Evening Group Hike at the Greenbelt Nature Center
203,"Fitness,Waterfront,Outdoor FitnessFree",09/13/2017,https://www.nycgovparks.org/events/2017/09/13/summer-on-the-hudson-yoga-evening-salute-to-the-sun,Summer on the Hudson: Yoga Evening Salute to the Sun
204,"Fitness,Waterfront,Outdoor FitnessFree",09/13/2017,https://www.nycgovparks.org/events/2017/09/13/yoga-in-the-battery,Yoga in The Battery
205,"Fitness,Outdoor FitnessFree",09/13/2017,https://www.nycgovparks.org/events/2017/09/13/fitness-class-with-orangetheory,Fitness Class with Orangetheory!
206,"Film,Movies Under the StarsFree",09/13/2017,https://www.nycgovparks.org/events/2017/09/13/movies-under-the-stars-one-film-one-new-york,"Movies Under the Stars: One Film, One New York - Crooklyn"
207,"Film,Movies Under the StarsFree",09/13/2017,https://www.nycgovparks.org/events/2017/09/13/movies-under-the-stars-one-film-one-new-york1,"Movies Under the Stars: One Film, One New York - Crooklyn"
208,"Film,Free Summer Movies,Movies Under the StarsFree",09/13/2017,https://www.nycgovparks.org/events/2017/09/13/movies-under-the-stars-one-film-one-new-york2,"Movies Under the Stars: One Film, One New York - Crooklyn"
209,"Free Summer Movies,Movies Under the StarsFree",09/13/2017,https://www.nycgovparks.org/events/2017/09/13/movies-under-the-stars-one-film-one-new-york3,"Movies Under the Stars: One Film, One New York - Crooklyn"
210,"Film,Movies Under the StarsFree",09/13/2017,https://www.nycgovparks.org/events/2017/09/13/movies-under-the-stars-one-film-one-new-york4,"Movies Under the Stars: One Film, One New York - Crooklyn"
211,"Film,Free Summer Movies,Movies Under the StarsFree",09/13/2017,https://www.nycgovparks.org/events/2017/09/13/movies-under-the-stars-la-la-land,Movies Under the Stars: La La Land
212,FitnessFree,09/14/2017,https://www.nycgovparks.org/events/2017/09/14/morning-fitness-at-fort-tryon-park,Morning Fitness at Fort Tryon Park
213,"Education,FitnessFree",09/14/2017,https://www.nycgovparks.org/events/2017/09/14/bryant-park-tai-chi,Bryant Park Tai Chi
214,"Nature,Fitness,Waterfront,Outdoor Fitness,SeniorsFree",09/14/2017,https://www.nycgovparks.org/events/2017/09/14/fitness-walk,Fitness Walk
215,"Accessible,Art,HistoryFree",09/14/2017,https://www.nycgovparks.org/events/2017/09/14/the-bronx-meets-east-africa,The Bronx Meets East Africa
216,"Accessible,FitnessFree",09/14/2017,https://www.nycgovparks.org/events/2017/09/14/shape-up-dance-movement-for-fitness,Shape Up NYC: Dance Movement for Fitness
217,"Nature,Volunteer,SeniorsFree",09/14/2017,https://www.nycgovparks.org/events/2017/09/14/biweekly-gardening-club,Bi-weekly Gardening Club
218,"Art,History,ToursFree",09/14/2017,https://www.nycgovparks.org/events/2017/09/14/conference-house-inside-out,Conference House: Inside Out
219,Arts & CraftsFree,09/14/2017,https://www.nycgovparks.org/events/2017/09/14/special-express-arts-2,Special Express Arts 2
220,"Education,Nature,ToursFree",09/14/2017,https://www.nycgovparks.org/events/2017/09/14/central-park-tour-stroll-to-strawberry-fields,Central Park Tour: Stroll to Strawberry Fields
221,"Accessible,Markets,Food",09/14/2017,https://www.nycgovparks.org/events/2017/09/14/hudson-yards-farmers-market,Hudson Yards Farmers Market
222,"Education,Nature,History,ToursFree",09/14/2017,https://www.nycgovparks.org/events/2017/09/14/tour-the-battery,Tour The Battery
223,"Arts & Crafts,Best for KidsFree",09/14/2017,https://www.nycgovparks.org/events/2017/09/14/kids-imaginative-arts,Kids Imaginative Arts
224,"Education,Games,Best for KidsFree",09/14/2017,https://www.nycgovparks.org/events/2017/09/14/summer-on-the-hudson-human-chess,Summer on the Hudson: Human Chess
225,"Birding,Nature,WildlifeFree",09/14/2017,https://www.nycgovparks.org/events/2017/09/14/bryant-park-fall-birding-tours,Bryant Park Fall Birding Tours
226,"Education,NatureFree",09/14/2017,https://www.nycgovparks.org/events/2017/09/14/vertical-gardening-pallet-planters-aframe,Vertical Gardening: Pallet Planters A-Frame
227,"Accessible,SportsFree",09/14/2017,https://www.nycgovparks.org/events/2017/09/14/nyc-parks-wheelchair-softball,NYC Parks Wheelchair Softball
228,"Accessible,Education,Art,History,TalksFree",09/14/2017,https://www.nycgovparks.org/events/2017/09/14/14-sculptors-inc-on-the-rock-2017-lecture-series-anne-stanners-rockaway-wave-and-rockaways-history,"14 Sculptors Inc. On the Rock 2017 Lecture Series: Anne Stanner's ""Rockaway Wave"" and Rockaway's History"
229,"Fitness,Sports,Outdoor FitnessFree",09/14/2017,https://www.nycgovparks.org/events/2017/09/14/open-track-night,Open Track Night
230,"Fitness,Outdoor FitnessFree",09/14/2017,https://www.nycgovparks.org/events/2017/09/14/summer-on-the-hudson-yoga-flow,Summer on the Hudson: Yoga Flow
231,FitnessFree,09/14/2017,https://www.nycgovparks.org/events/2017/09/14/nyrr-open-run-flushing-meadows-corona-park,NYRR Open Run: Flushing Meadows Corona Park
232,"Film,Free Summer Movies,Movies Under the StarsFree",09/14/2017,https://www.nycgovparks.org/events/2017/09/14/movies-under-the-stars-chocolat-2000,Movies Under the Stars: Chocolat (2000)
233,"Film,Free Summer MoviesFree",09/14/2017,https://www.nycgovparks.org/events/2017/09/14/free-movies-in-hudson-park-ferris-buellers-day-off,Free Movies in Hudson Park: Ferris Bueller's Day Off
234,"Accessible,Concerts,Art,Film,Free Summer Movies,Free Summer Concerts,SeniorsFree",09/14/2017,https://www.nycgovparks.org/events/2017/09/14/outdoor-movie-screening-nysferatu-symphony-of-a-century-by-andrea-mostrovito,Outdoor Movie Screening - NYsferatu: Symphony of a Century by Andrea Mastrovito
235,"Film,Best for Kids,Free Summer Movies,Movies Under the StarsFree",09/14/2017,https://www.nycgovparks.org/events/2017/09/14/movies-under-the-stars-power-rangers,Movies Under the Stars: Power Rangers
236,"Accessible,Art,HistoryFree",09/15/2017,https://www.nycgovparks.org/events/2017/09/15/the-bronx-meets-east-africa,The Bronx Meets East Africa
237,"Nature,Volunteer,WaterfrontFree",09/15/2017,https://www.nycgovparks.org/events/2017/09/15/coastal-cleanup,Coastal Cleanup
238,"Art,History,ToursFree",09/15/2017,https://www.nycgovparks.org/events/2017/09/15/conference-house-inside-out,Conference House: Inside Out
239,"Education,Nature,History,Tours,Seniors",09/15/2017,https://www.nycgovparks.org/events/2017/09/15/central-park-tour-iconic-views-of-central-park,Central Park Tour: Iconic Views of Central Park
240,"Nature,Tours,Waterfront,WildlifeFree",09/15/2017,https://www.nycgovparks.org/events/2017/09/15/weekend-nature-exploration,Weekend Nature Exploration
241,"Accessible,Arts & Crafts,Art,SeniorsFree",09/15/2017,https://www.nycgovparks.org/events/2017/09/15/adult-imaginative-arts,Adult Imaginative Arts
242,"Arts & Crafts,Best for Kids,Fourth of JulyFree",09/15/2017,https://www.nycgovparks.org/events/2017/09/15/seasonal-arts-and-crafts,Seasonal Arts and Crafts
243,SportsFree,09/15/2017,https://www.nycgovparks.org/events/2017/09/15/girls-basketball-clinic,Girls Basketball Clinic
244,"Accessible,Games,WaterfrontFree",09/15/2017,https://www.nycgovparks.org/events/2017/09/15/summer-on-the-hudson-bingo,Summer on the Hudson: Bingo
245,"Accessible,Theater,Free Summer TheaterFree",09/15/2017,https://www.nycgovparks.org/events/2017/09/15/bryant-park-presents-new-york-city-opera,Bryant Park Presents: New York City Opera - Viva Verdi
246,"Concerts,Dance,Nature,Festivals,Free Summer Concerts,SeniorsFree",09/15/2017,https://www.nycgovparks.org/events/2017/09/15/arts-culture-fun-flag-day-with-the-city-stompers,"Arts, Culture & Fun: Dance Away the Night with the City Stompers"
247,"Accessible,Art,Fitness,Games,Best for Kids,Sports,WaterfrontFree",09/15/2017,https://www.nycgovparks.org/events/2017/09/15/bronx-sole-run-game-night-and-public-art-in-virginia-park,"Bronx Sole Run, Game Night and Public Art in Virginia Park"
248,"Film,History,Free Summer Movies,Movies Under the StarsFree",09/15/2017,https://www.nycgovparks.org/events/2017/09/15/movies-under-the-stars-cesar-chavez-an-american-hero,Movies Under the Stars: Cesar Chavez: An American Hero
249,FilmFree,09/15/2017,https://www.nycgovparks.org/events/2017/09/15/a-showing-of-in-my-fathers-house,Outdoor Film: In My Father's House
250,"Film,Free Summer Movies,Movies Under the StarsFree",09/15/2017,https://www.nycgovparks.org/events/2017/09/15/movies-under-the-stars-grown-ups-2-2013,Movies Under the Stars: Grown Ups 2 (2013)
251,"Film,History,Best for Kids,Theater,Free Summer Movies,Movies Under the StarsFree",09/15/2017,https://www.nycgovparks.org/events/2017/09/15/movies-under-the-stars-newsies-1992,Movies Under the Stars: Newsies (1992)
252,"Accessible,Film,Free Summer Movies,Movies Under the StarsFree",09/15/2017,https://www.nycgovparks.org/events/2017/09/15/movies-under-the-stars-bless-me-ultima,"Movies Under the Stars: Bless Me, Ultima"
253,"Film,Best for Kids,Free Summer Concerts,Movies Under the StarsFree",09/15/2017,https://www.nycgovparks.org/events/2017/09/15/movies-under-the-stars-smurfs-the-lost-village,Movies Under the Stars: Smurfs: The Lost Village
254,"Film,Free Summer Movies,Movies Under the StarsFree",09/15/2017,https://www.nycgovparks.org/events/2017/09/15/movies-under-the-stars-power-rangers,Movies Under the Stars: Power Rangers
255,"Nature,Tours,WildlifeFree",09/16/2017,https://www.nycgovparks.org/events/2017/09/16/wildlife-tour-high-line-as-habitat,Wildlife Tour: High Line as Habitat
256,FitnessFree,09/16/2017,https://www.nycgovparks.org/events/2017/09/16/van-cortlandt-track-club,Van Cortlandt Track Club
257,"Birding,Education,Nature,Tours,WildlifeFree",09/16/2017,https://www.nycgovparks.org/events/2017/09/16/bird-walks,Bird Walks
258,"Markets,Food,WaterfrontFree",09/16/2017,https://www.nycgovparks.org/events/2017/09/16/socrates-farmers-market,Socrates Farmers Market
259,FitnessFree,09/16/2017,https://www.nycgovparks.org/events/2017/09/16/morning-fitness-at-fort-tryon-park,Morning Fitness at Fort Tryon Park
260,FitnessFree,09/16/2017,https://www.nycgovparks.org/events/2017/09/16/nyrr-open-run-soundview-park,NYRR Open Run: Soundview Park
261,"Fitness,Outdoor FitnessFree",09/16/2017,https://www.nycgovparks.org/events/2017/09/16/nyrr-open-run-astoria-park,NYRR Open Run: Astoria Park
262,FitnessFree,09/16/2017,https://www.nycgovparks.org/events/2017/09/16/nyrr-open-run-canarsie-park,NYRR Open Run: Canarsie Park
263,FitnessFree,09/16/2017,https://www.nycgovparks.org/events/2017/09/16/nyrr-open-run-inwood-hill-park,NYRR Open Run: Inwood Hill Park
264,FitnessFree,09/16/2017,https://www.nycgovparks.org/events/2017/09/16/nyrr-open-run-st-marys-park,NYRR Open Run: St. Mary's Park
265,"Volunteer,It's My ParkFree",09/16/2017,https://www.nycgovparks.org/events/2017/09/16/its-my-park-at-court-square-park,It's My Park at Court Square Park
266,"Nature,Volunteer,Waterfront,WildlifeFree",09/16/2017,https://www.nycgovparks.org/events/2017/09/16/international-coast-cleanup-day-conferenece-house-park-edition,International Coastal Cleanup Day: Conference House Park Edition
267,"Volunteer,It's My ParkFree",09/16/2017,https://www.nycgovparks.org/events/2017/09/16/its-my-park-at-hendrick-i-lott-house,It's My Park at Hendrick I. Lott House
268,"Volunteer,It's My ParkFree",09/16/2017,https://www.nycgovparks.org/events/2017/09/16/its-my-park-at-westerleigh-park,It's My Park at Westerleigh Park
269,"Volunteer,It's My ParkFree",09/16/2017,https://www.nycgovparks.org/events/2017/09/16/its-my-park-at-lemon-creek-park,It's My Park at Lemon Creek Park
270,"Education,Nature,Fitness,Sports,Waterfront",09/16/2017,https://www.nycgovparks.org/events/2017/09/16/learntorow-1,Learn-to-Row 1
271,"Markets,Food",09/16/2017,https://www.nycgovparks.org/events/2017/09/16/hattie-carthan-community-saturday-farmers-market,Hattie Carthan Community Saturday Farmers Market
272,"Accessible,Art,HistoryFree",09/16/2017,https://www.nycgovparks.org/events/2017/09/16/the-bronx-meets-east-africa,The Bronx Meets East Africa
273,"Birding,Nature,Best for Kids,Tours,Wildlife",09/16/2017,https://www.nycgovparks.org/events/2017/09/16/bird-walks-with-new-york-city-audubon,Bird Walks with New York City Audubon
274,"Accessible,FitnessFree",09/16/2017,https://www.nycgovparks.org/events/2017/09/16/shape-up-zumbaadults,Shape Up NYC: Zumba - Adults
275,"Volunteer,It's My ParkFree",09/16/2017,https://www.nycgovparks.org/events/2017/09/16/its-my-park-at-rudd-playground,It's My Park at Rudd Playground
276,"Birding,Nature,WildlifeFree",09/16/2017,https://www.nycgovparks.org/events/2017/09/16/cabrini-woods-migration-walk,Cabrini Woods Migration Walk
277,"Nature,Volunteer,WaterfrontFree",09/16/2017,https://www.nycgovparks.org/events/2017/09/16/green-team,Green Team
278,"Education,Nature,Fitness,Best for Kids,Tours,Outdoor Fitness,SeniorsFree",09/16/2017,https://www.nycgovparks.org/events/2017/09/16/claremont-in-motion-bike-ride,Claremont in Motion Bike Ride
279,"Education,NatureFree",09/16/2017,https://www.nycgovparks.org/events/2017/09/16/farm-garden-work-days-nyc-compost-project,Farm & Garden Work Days: NYC Compost Project
280,"Volunteer,It's My ParkFree",09/16/2017,https://www.nycgovparks.org/events/2017/09/16/its-my-park-at-new-dorp-beach,It's My Park at New Dorp Beach
281,"Volunteer,It's My ParkFree",09/16/2017,https://www.nycgovparks.org/events/2017/09/16/its-my-park-at-owls-head-park,It's My Park at Owl's Head Park
282,"Volunteer,It's My ParkFree",09/16/2017,https://www.nycgovparks.org/events/2017/09/16/its-my-park-at-baisley-pond-park,It's My Park at Baisley Pond Park
283,"Arts & Crafts,Best for KidsFree",09/16/2017,https://www.nycgovparks.org/events/2017/09/16/family-art-project-dotted-ladybug-backpacks-parade,Family Art Project: Dotted Ladybug Backpacks Parade
284,VolunteerFree,09/16/2017,https://www.nycgovparks.org/events/2017/09/16/saturday-woodland-corps,Saturday Woodland Corps
285,"Art,History,ToursFree",09/16/2017,https://www.nycgovparks.org/events/2017/09/16/conference-house-inside-out,Conference House: Inside Out
286,"Fitness,Outdoor FitnessFree",09/16/2017,https://www.nycgovparks.org/events/2017/09/16/summer-on-the-hudson-butt-gut,Summer on the Hudson: Butt & Gut
287,"Dance,Fitness,Sports,Waterfront,Outdoor FitnessFree",09/16/2017,https://www.nycgovparks.org/events/2017/09/16/summer-on-the-hudson-shape-up-nyc-zumba-in-west-harlem-piers-park,Summer on the Hudson: Shape Up NYC Zumba in West Harlem Piers Park
288,Best for KidsFree,09/16/2017,https://www.nycgovparks.org/events/2017/09/16/stories-at-the-statue-of-hans-christian-andersen,Stories at the Statue of Hans Christian Andersen
289,"Art,Fitness,Sports,Outdoor Fitness,SeniorsFree",09/16/2017,https://www.nycgovparks.org/events/2017/09/16/public-art-and-yoga-in-fort-greene-park,Public Art and Yoga In Fort Greene Park
290,"Education,Nature,History,ToursFree",09/16/2017,https://www.nycgovparks.org/events/2017/09/16/central-park-tour-southern-welcome-tour,Central Park Tour: Southern Welcome Tour
291,"Nature,ToursFree",09/16/2017,https://www.nycgovparks.org/events/2017/09/16/garden-highlights-walk,Garden Highlights Walk
292,"Arts & Crafts,Best for Kids,Theater",09/16/2017,https://www.nycgovparks.org/events/2017/09/16/the-princess-the-emperor-and-the-duck,"The Princess, The Emperor and The Duck"
293,"Nature,History,Tours",09/16/2017,https://www.nycgovparks.org/events/2017/09/16/central-park-tour-hallett-nature-sanctuary-and-the-pond,Central Park Tour: Hallett Nature Sanctuary and the Pond
294,"History,ToursFree",09/16/2017,https://www.nycgovparks.org/events/2017/09/16/wallabout-historic-walking-tour,Wallabout Historic Walking Tour
295,"Education,Art,SeniorsFree",09/16/2017,https://www.nycgovparks.org/events/2017/09/16/arts-culture-fun-make-your-mark,"Arts, Culture & Fun: Make Your Mark"
296,"Volunteer,It's My ParkFree",09/16/2017,https://www.nycgovparks.org/events/2017/09/16/its-my-park-at-brower-park,It's My Park at Brower Park
297,"Nature,Hiking,WildlifeFree",09/16/2017,https://www.nycgovparks.org/events/2017/09/16/butterfly-stroll-discovery-hike,Butterfly Stroll: Discovery Hike
298,"Volunteer,It's My ParkFree",09/16/2017,https://www.nycgovparks.org/events/2017/09/16/its-my-park-at-thomas-greene-playground,It's My Park at Thomas Greene Playground
299,"Markets,FoodFree",09/16/2017,https://www.nycgovparks.org/events/2017/09/16/farmers-market-and-spinning-felting-demo,Farmers Market and Spinning & Felting Demo
300,"Arts & Crafts,Education,Nature,Art,History,Best for Kids,ToursFree",09/16/2017,https://www.nycgovparks.org/events/2017/09/16/farmhouse-family-day,Farmhouse Family Day
301,"Education,Nature,Best for Kids,Tours,Food,Talks,WaterfrontFree",09/16/2017,https://www.nycgovparks.org/events/2017/09/16/urban-farm-exploration-day,Urban Farm Exploration Day
302,"Birding,Nature,WildlifeFree",09/16/2017,https://www.nycgovparks.org/events/2017/09/16/introduction-to-bird-watching,Introduction to Bird Watching
303,"Volunteer,It's My ParkFree",09/16/2017,https://www.nycgovparks.org/events/2017/09/16/its-my-park-at-st-nicholas-park,It's My Park at St. Nicholas Park
304,"Arts & Crafts,Nature,Art,Best for KidsFree",09/16/2017,https://www.nycgovparks.org/events/2017/09/16/saturday-sculpture-workshop-meadow-mazes-with-free-style-arts-association,Saturday Sculpture Workshop: Meadow Mazes with Free Style Arts Association
305,"Birding,Nature,Festivals,Best for Kids,WildlifeFree",09/16/2017,https://www.nycgovparks.org/events/2017/09/16/raptor-fest,Raptor Fest
306,FestivalsFree,09/16/2017,https://www.nycgovparks.org/events/2017/09/16/poseidons-parade,Poseidon's Parade
307,"Arts & Crafts,Nature,Festivals,FoodFree",09/16/2017,https://www.nycgovparks.org/events/2017/09/16/greenthumb-harvest-fair,GreenThumb Harvest Fair
308,"Fitness,History,Outdoor FitnessFree",09/16/2017,https://www.nycgovparks.org/events/2017/09/16/capoeira-for-beginners,Capoeira for Beginners
309,"History,Tours",09/16/2017,https://www.nycgovparks.org/events/2017/09/16/wave-hill-history-walk,Wave Hill History Walk
310,"Arts & Crafts,Best for Kids,Theater",09/16/2017,https://www.nycgovparks.org/events/2017/09/16/the-princess-the-emperor-and-the-duck1,"The Princess, The Emperor and The Duck"
311,"Arts & Crafts,Education,Talks",09/16/2017,https://www.nycgovparks.org/events/2017/09/16/spinning-felting-workshop-demonstration,Spinning & Felting Workshop Demonstration
312,"Education,NatureFree",09/16/2017,https://www.nycgovparks.org/events/2017/09/16/turn-learn-nyc-compost-project,Turn & Learn: NYC Compost Project
313,Best for KidsFree,09/16/2017,https://www.nycgovparks.org/events/2017/09/16/the-amazing-michaels-juggling-show-at-forest-park-carousel,Contortionist Jared at Forest Park Carousel
314,"Nature,Art,Best for Kids,ToursFree",09/16/2017,https://www.nycgovparks.org/events/2017/09/16/flow17-meet-the-artist-photographytour,FLOW.17 Meet the Artist PhotographyTour
315,"Accessible,History,ToursFree",09/16/2017,https://www.nycgovparks.org/events/2017/09/16/union-square-park-crossroads-of-new-york-walking-tour,Union Square Park: Crossroads of New York Walking Tour
316,"Arts & Crafts,Best for KidsFree",09/16/2017,https://www.nycgovparks.org/events/2017/09/16/paper-arts-and-crafts,CANCELLED: Paper Arts and Crafts
317,"Accessible,Arts & CraftsFree",09/16/2017,https://www.nycgovparks.org/events/2017/09/16/crochet-basics-accessories-adults,CANCELLED: Crochet Basics and Accessories - Adults
318,"Education,Nature,History,Tours,SeniorsFree",09/16/2017,https://www.nycgovparks.org/events/2017/09/16/central-park-tour-west-side-stories,Central Park Tour: West Side Stories
319,"Art,Tours,WaterfrontFree",09/16/2017,https://www.nycgovparks.org/events/2017/09/16/14-sculptors-inc-on-the-rock-2017-bike-tour,14 Sculptors Inc. On the Rock 2017 Bike Tour
320,"Concerts,Free Summer ConcertsFree",09/16/2017,https://www.nycgovparks.org/events/2017/09/16/ingardens-free-jazz-concerts,InGardens Free Jazz Concerts
321,Best for KidsFree,09/16/2017,https://www.nycgovparks.org/events/2017/09/16/the-amazing-michaels-juggling-show-at-forest-park-carousel1,Contortionist Jared at Forest Park Carousel
322,"Art,History,ToursFree",09/16/2017,https://www.nycgovparks.org/events/2017/09/16/conference-house-inside-out-opening-reception1,Conference House: Inside Out - Opening Reception
323,"Accessible,Film,History,Free Summer Movies,Seniors,Astronomy,Movies Under the StarsFree",09/16/2017,https://www.nycgovparks.org/events/2017/09/16/movies-under-the-stars-hidden-figures1,Movies Under the Stars: Hidden Figures
324,"Film,Best for Kids,Free Summer Movies,Movies Under the StarsFree",09/16/2017,https://www.nycgovparks.org/events/2017/09/16/movies-under-the-stars-the-angry-birds-movie,Movies Under the Stars: The Angry Birds Movie
325,"Film,History,Free Summer Movies,Movies Under the StarsFree",09/16/2017,https://www.nycgovparks.org/events/2017/09/16/movies-under-the-stars-hidden-figures,Movies Under the Stars: Hidden Figures
326,"Film,Best for Kids,Free Summer Movies,Movies Under the StarsFree",09/16/2017,https://www.nycgovparks.org/events/2017/09/16/movies-under-the-stars-sing,Movies Under the Stars: Sing
327,"Film,Best for Kids,Free Summer Movies,Movies Under the StarsFree",09/16/2017,https://www.nycgovparks.org/events/2017/09/16/movies-under-the-stars-the-hunger-games-mockingjay-part-2,"Movies Under the Stars: The Hunger Games: Mockingjay, Part 2"
328,"Film,Free Summer Movies,Movies Under the StarsFree",09/16/2017,https://www.nycgovparks.org/events/2017/09/16/movies-under-the-stars-la-la-land,Movies Under the Stars: La La Land
329,"Film,Best for Kids,Free Summer Movies,Movies Under the StarsFree",09/16/2017,https://www.nycgovparks.org/events/2017/09/16/movies-under-the-stars-boss-baby,Movies Under the Stars: Boss Baby
330,FitnessFree,09/17/2017,https://www.nycgovparks.org/events/2017/09/17/nyrr-open-run-marine-park,NYRR Open Run: Marine Park
331,FitnessFree,09/17/2017,https://www.nycgovparks.org/events/2017/09/17/nyrr-open-run-conference-house-park,NYRR Open Run: Conference House Park
332,FitnessFree,09/17/2017,https://www.nycgovparks.org/events/2017/09/17/nyrr-open-run-crotona-park,NYRR Open Run: Crotona Park
333,FitnessFree,09/17/2017,https://www.nycgovparks.org/events/2017/09/17/nyrr-open-run-cunningham-park,NYRR Open Run: Cunningham Park
334,"Markets,FoodFree",09/17/2017,https://www.nycgovparks.org/events/2017/09/17/farmers-market,Cunningham Park Farmers Market
335,"Markets,Food",09/17/2017,https://www.nycgovparks.org/events/2017/09/17/hattie-carthan-community-sunday-farmers-market,Hattie Carthan Community Sunday Farmers Market
336,"Fitness,Outdoor FitnessFree",09/17/2017,https://www.nycgovparks.org/events/2017/09/17/free-yoga-in-the-hudson-boulevard-park,Free Yoga
337,"Fitness,Outdoor FitnessFree",09/17/2017,https://www.nycgovparks.org/events/2017/09/17/tai-chi-fort-greene,Tai Chi Fort Greene
338,"Volunteer,It's My ParkFree",09/17/2017,https://www.nycgovparks.org/events/2017/09/17/its-my-park-at-lt-lia-playground,It's My Park at Lt. Lia Playground
339,"Arts & Crafts,Best for Kids",09/17/2017,https://www.nycgovparks.org/events/2017/09/17/family-art-project-dotted-ladybug-backpacks-parade,Family Art Project: Dotted Ladybug Backpacks Parade
340,"Volunteer,It's My ParkFree",09/17/2017,https://www.nycgovparks.org/events/2017/09/17/its-my-park-at-whitey-ford-field,It's My Park at Whitey Ford Field
341,"Arts & Crafts,Best for Kids,Theater",09/17/2017,https://www.nycgovparks.org/events/2017/09/17/the-princess-the-emperor-and-the-duck,"The Princess, The Emperor and The Duck"
342,"Nature,HistoryFree",09/17/2017,https://www.nycgovparks.org/events/2017/09/17/historic-new-york-fdr-boardwalk-staten-island,Historic New York: FDR Boardwalk on Staten Island
343,"Nature,History,ToursFree",09/17/2017,https://www.nycgovparks.org/events/2017/09/17/central-park-tour-heart-of-the-park,Central Park Tour: Heart of the Park
344,"Education,NatureFree",09/17/2017,https://www.nycgovparks.org/events/2017/09/17/outdoor-skills-fire-building,Outdoor Skills: Fire Building
345,"Best for Kids,Hiking,WildlifeFree",09/17/2017,https://www.nycgovparks.org/events/2017/09/17/whats-not-to-lichen,What's Not to Lichen?
346,"Accessible,SportsFree",09/17/2017,https://www.nycgovparks.org/events/2017/09/17/wheelchair-football-game,Wheelchair Football Game
347,History,09/17/2017,https://www.nycgovparks.org/events/2017/09/17/37th-annual-antique-motorcycle-show,37th Annual Antique Motorcycle Show
348,"Education,Nature,Best for Kids,Tours,Food,Talks,WaterfrontFree",09/17/2017,https://www.nycgovparks.org/events/2017/09/17/urban-farm-exploration-day,Urban Farm Exploration Day
349,"Arts & Crafts,Nature,Best for Kids",09/17/2017,https://www.nycgovparks.org/events/2017/09/17/apples-honey-day,Apples & Honey Day
350,VolunteerFree,09/17/2017,https://www.nycgovparks.org/events/2017/09/17/forest-crew,Forest Crew
351,"Arts & Crafts,Best for Kids,Theater",09/17/2017,https://www.nycgovparks.org/events/2017/09/17/the-princess-the-emperor-and-the-duck1,"The Princess, The Emperor and The Duck"
352,"Nature,Fitness,History,Hiking,WildlifeFree",09/17/2017,https://www.nycgovparks.org/events/2017/09/17/fort-tryon-park-highlights,Fort Tryon Park Highlights
353,"Nature,Best for Kids,Wildlife",09/17/2017,https://www.nycgovparks.org/events/2017/09/17/buzz-on-bees,Buzz on Bees
354,"Volunteer,It's My ParkFree",09/17/2017,https://www.nycgovparks.org/events/2017/09/17/its-my-park-at-skyline-playground,It's My Park at Skyline Playground
355,"Accessible,Best for Kids,Sports",09/17/2017,https://www.nycgovparks.org/events/2017/09/17/youth-wheelchair-basketball-host-by-new-york-rolling-fury,Youth Wheelchair Basketball Hosted by New York Rolling Fury
356,"Education,Nature,Best for Kids,Wildlife",09/17/2017,https://www.nycgovparks.org/events/2017/09/17/nature-presentation-ladybug-meetandgreet,Nature Presentation: Ladybug Meet-and-Greet
357,"Volunteer,It's My ParkFree",09/17/2017,https://www.nycgovparks.org/events/2017/09/17/its-my-park-at-murray-hill-playground,It's My Park at Murray Hill Playground
358,"Concerts,Free Summer ConcertsFree",09/17/2017,https://www.nycgovparks.org/events/2017/09/17/ingardens-free-jazz-concerts,InGardens Free Jazz Concerts
359,Best for KidsFree,09/17/2017,https://www.nycgovparks.org/events/2017/09/17/the-magic-of-rogue-at-fantasy-forest-amusement-park,The Magic of Rogue at Fantasy Forest Amusement Park
360,"Education,Nature,History,Waterfront,WildlifeFree",09/17/2017,https://www.nycgovparks.org/events/2017/09/17/little-hell-gate-salt-marsh-tour,Little Hell Gate Salt Marsh tour
361,"Nature,Tours",09/17/2017,https://www.nycgovparks.org/events/2017/09/17/garden-highlights-walk,Garden Highlights Walk
362,"Dance,Art,FestivalsFree",09/17/2017,https://www.nycgovparks.org/events/2017/09/17/ballet-folklrico-mexicano-de-nueva-york-presents-festival-del-huapango,Ballet Folklrico Mexicano de Nueva York Presents Festival del Huapango
363,Best for KidsFree,09/17/2017,https://www.nycgovparks.org/events/2017/09/17/the-magic-of-rogue-at-fantasy-forest-amusement-park1,The Magic of Rogue at Fantasy Forest Amusement Park
364,"Concerts,Dance,Theater,Free Summer Concerts,Free Summer TheaterFree",09/17/2017,https://www.nycgovparks.org/events/2017/09/17/nyc-parks-presents-gertrude-ederle-sings-out-musical-show,NYC Parks Presents Gertrude Ederle Sings Out!  Musical Show
365,"Nature,Games,Best for KidsFree",09/17/2017,https://www.nycgovparks.org/events/2017/09/17/rangers-choice-gather-around-the-campfire,Rangers Choice: Gather Around The Campfire
366,"Accessible,Film,Best for Kids,Free Summer Movies,Movies Under the StarsFree",09/17/2017,https://www.nycgovparks.org/events/2017/09/17/movies-under-the-stars-are-we-there-yet,Movies Under the Stars: Are We There Yet?
367,"Birding,Nature,WildlifeFree",09/18/2017,https://www.nycgovparks.org/events/2017/09/18/bryant-park-fall-birding-tours,Bryant Park Fall Birding Tours
368,VolunteerFree,09/18/2017,https://www.nycgovparks.org/events/2017/09/18/prospect-park-alliance-monday-eastside-revival,Prospect Park Alliance Monday Eastside Revival
369,"Art,History,ToursFree",09/18/2017,https://www.nycgovparks.org/events/2017/09/18/conference-house-inside-out,Conference House: Inside Out
370,"Education,Nature,History,Tours",09/18/2017,https://www.nycgovparks.org/events/2017/09/18/central-park-tour-the-art-of-the-park,Central Park Tour: The Art of the Park
371,"Education,VolunteerFree",09/18/2017,https://www.nycgovparks.org/events/2017/09/18/workshop-for-new-volunteers-how-to-get-involved-with-your-park,Workshop for New Volunteers: How to Get Involved With Your Park
372,"Film,Free Summer Movies,Movies Under the StarsFree",09/18/2017,https://www.nycgovparks.org/events/2017/09/18/movies-under-the-stars-dirty-dancing,Movies Under the Stars: Dirty Dancing
373,FitnessFree,09/19/2017,https://www.nycgovparks.org/events/2017/09/19/morning-fitness-at-fort-tryon-park,Morning Fitness at Fort Tryon Park
374,"Education,FitnessFree",09/19/2017,https://www.nycgovparks.org/events/2017/09/19/bryant-park-tai-chi,Bryant Park Tai Chi
375,"Fitness,Outdoor FitnessFree",09/19/2017,https://www.nycgovparks.org/events/2017/09/19/meditation,Meditation
376,"Nature,Fitness,Waterfront,Outdoor Fitness,SeniorsFree",09/19/2017,https://www.nycgovparks.org/events/2017/09/19/fitness-walk,Fitness Walk
377,"Accessible,Arts & Crafts,Best for KidsFree",09/19/2017,https://www.nycgovparks.org/events/2017/09/19/tiny-tots-stories-and-art,Tiny Tots Stories and Art
378,"Accessible,Art,HistoryFree",09/19/2017,https://www.nycgovparks.org/events/2017/09/19/the-bronx-meets-east-africa,The Bronx Meets East Africa
379,"Fitness,Outdoor FitnessFree",09/19/2017,https://www.nycgovparks.org/events/2017/09/19/tai-chi,Tai Chi
380,"Art,History,Tours,SeniorsFree",09/19/2017,https://www.nycgovparks.org/events/2017/09/19/tour-of-gracie-mansion,Tour of Gracie Mansion
381,"Arts & Crafts,SeniorsFree",09/19/2017,https://www.nycgovparks.org/events/2017/09/19/upcycletoartvintage-and-steam-punk,Up-Cycle-to-Art/Vintage and Steam Punk
382,"Nature,Volunteer,SeniorsFree",09/19/2017,https://www.nycgovparks.org/events/2017/09/19/biweekly-gardening-club,Bi-weekly Gardening Club
383,"Art,History,ToursFree",09/19/2017,https://www.nycgovparks.org/events/2017/09/19/conference-house-inside-out,Conference House: Inside Out
384,"Art,History,Tours,SeniorsFree",09/19/2017,https://www.nycgovparks.org/events/2017/09/19/tour-of-gracie-mansion1,Tour of Gracie Mansion
385,"Nature,ToursFree",09/19/2017,https://www.nycgovparks.org/events/2017/09/19/garden-highlights-walk,Garden Highlights Walk
386,"Education,Nature,History,Tours,Seniors",09/19/2017,https://www.nycgovparks.org/events/2017/09/19/central-park-tour-north-woods,Central Park Tour: North Woods
387,"Accessible,Arts & Crafts,Best for KidsFree",09/19/2017,https://www.nycgovparks.org/events/2017/09/19/kids-mixed-media-arts,Kids Mixed Media Arts
388,"Art,History,Tours,SeniorsFree",09/19/2017,https://www.nycgovparks.org/events/2017/09/19/tour-of-gracie-mansion2,Tour of Gracie Mansion
389,"Art,Tours",09/19/2017,https://www.nycgovparks.org/events/2017/09/19/gallery-tour,Gallery Tour
390,"Arts & Crafts,Best for KidsFree",09/19/2017,https://www.nycgovparks.org/events/2017/09/19/kids-le-petit-art,Kids Le Petit Art
391,"Art,History,Tours,SeniorsFree",09/19/2017,https://www.nycgovparks.org/events/2017/09/19/tour-of-gracie-mansion3,Tour of Gracie Mansion
392,"Arts & Crafts,EducationFree",09/19/2017,https://www.nycgovparks.org/events/2017/09/19/welcome-the-garden-is-open-making-aframe-sandwich-boards,Welcome! The Garden is Open: Making A-Frame Sandwich Boards
393,"Fitness,Waterfront,Outdoor FitnessFree",09/19/2017,https://www.nycgovparks.org/events/2017/09/19/yoga-in-the-park,Yoga in the Park
394,"Education,Fitness,Sports,Outdoor FitnessFree",09/19/2017,https://www.nycgovparks.org/events/2017/09/19/summer-on-the-hudson-riverside-hiit,Summer on the Hudson: Riverside HIIT
395,"Dance,Fitness,Waterfront,Outdoor FitnessFree",09/19/2017,https://www.nycgovparks.org/events/2017/09/19/summer-on-the-hudson-bodyroll-workout-w-viva,Summer on the Hudson: Bodyroll Workout with VIVA!
396,"Fitness,Outdoor FitnessFree",09/19/2017,https://www.nycgovparks.org/events/2017/09/19/yoga,Yoga
397,FitnessFree,09/19/2017,https://www.nycgovparks.org/events/2017/09/19/nyrr-open-run-brooklyn-bridge-park,NYRR Open Run: Brooklyn Bridge Park
398,FitnessFree,09/19/2017,https://www.nycgovparks.org/events/2017/09/19/nyrr-open-run-silver-lake-park,NYRR Open Run: Silver Lake Park
399,"Fitness,Outdoor FitnessFree",09/19/2017,https://www.nycgovparks.org/events/2017/09/19/free-bootcamp-class,Free Bootcamp Class
400,"Accessible,Sports",09/19/2017,https://www.nycgovparks.org/events/2017/09/19/wheelchair-basketball-open-gym-hosted-by-the-axis-project-wheelchair-basketball,Wheelchair Basketball Open Gym Hosted by the Axis Project Wheelchair Basketball
401,"Fitness,Outdoor FitnessFree",09/20/2017,https://www.nycgovparks.org/events/2017/09/20/bryant-park-boot-camp,Bryant Park Boot Camp
402,"Accessible,Fitness,Outdoor Fitness,SeniorsFree",09/20/2017,https://www.nycgovparks.org/events/2017/09/20/outdoor-exercise-with-nancy-bruning,Outdoor Exercise with Nancy Bruning
403,"Nature,VolunteerFree",09/20/2017,https://www.nycgovparks.org/events/2017/09/20/farm-and-compost-volunteer-days,Farm and Compost Volunteer Days
404,"Accessible,Art,HistoryFree",09/20/2017,https://www.nycgovparks.org/events/2017/09/20/the-bronx-meets-east-africa,The Bronx Meets East Africa
405,"Volunteer,It's My ParkFree",09/20/2017,https://www.nycgovparks.org/events/2017/09/20/its-my-park-at-gilbert-ramirez-park,It's My Park at Gilbert Ramirez Park
406,"Education,ToursFree",09/20/2017,https://www.nycgovparks.org/events/2017/09/20/bryant-park-public-tours,Bryant Park Public Tours
407,"Education,Nature,History,Tours,Seniors",09/20/2017,https://www.nycgovparks.org/events/2017/09/20/central-park-tour-iconic-views-of-central-park,Central Park Tour: Iconic Views of Central Park
408,Arts & CraftsFree,09/20/2017,https://www.nycgovparks.org/events/2017/09/20/special-express-arts,CANCELLED: Special Express Arts 1
409,"Arts & Crafts,SeniorsFree",09/20/2017,https://www.nycgovparks.org/events/2017/09/20/adults-le-petit-zen-art,CANCELLED: Adults Le Petit Zen Art
410,"Arts & Crafts,Best for KidsFree",09/20/2017,https://www.nycgovparks.org/events/2017/09/20/recycle-to-art,Recycle to Art
411,NatureFree,09/20/2017,https://www.nycgovparks.org/events/2017/09/20/farm-open-hours,Farm Open Hours
412,"Volunteer,It's My ParkFree",09/20/2017,https://www.nycgovparks.org/events/2017/09/20/its-my-park-at-northerleigh-park,It's My Park at Northerleigh Park
413,"Dance,Fitness,Waterfront,Outdoor FitnessFree",09/20/2017,https://www.nycgovparks.org/events/2017/09/20/dance-fitness-in-the-park,Dance Fitness in the Park
414,"Education,Nature,Tours,WaterfrontFree",09/20/2017,https://www.nycgovparks.org/events/2017/09/20/wildflower-meadow-tour,Wildflower Meadow Tour
415,"Dance,Fitness,Waterfront,Outdoor FitnessFree",09/20/2017,https://www.nycgovparks.org/events/2017/09/20/zumba,Zumba
416,ToursFree,09/20/2017,https://www.nycgovparks.org/events/2017/09/20/design-tour-elevated-design,Design Tour: Elevated Design
417,"Arts & Crafts,Education,Art,SeniorsFree",09/20/2017,https://www.nycgovparks.org/events/2017/09/20/arts-culture-fun-make-your-mark,"Arts, Culture & Fun: Make Your Mark"
418,"Fitness,Outdoor Fitness,HikingFree",09/20/2017,https://www.nycgovparks.org/events/2017/09/20/evening-group-hike-at-the-greenbelt-nature-center,Evening Group Hike at the Greenbelt Nature Center
419,"Fitness,Waterfront,Outdoor FitnessFree",09/20/2017,https://www.nycgovparks.org/events/2017/09/20/summer-on-the-hudson-yoga-evening-salute-to-the-sun,Summer on the Hudson: Yoga Evening Salute to the Sun
420,"Fitness,Waterfront,Outdoor FitnessFree",09/20/2017,https://www.nycgovparks.org/events/2017/09/20/yoga-in-the-battery,Yoga in The Battery
421,"Fitness,Outdoor FitnessFree",09/20/2017,https://www.nycgovparks.org/events/2017/09/20/fitness-class-with-orangetheory,Fitness Class with Orangetheory!
422,"Film,Theater,Free Summer Movies,Movies Under the StarsFree",09/20/2017,https://www.nycgovparks.org/events/2017/09/20/movies-under-the-stars-west-side-story-1961,Movies Under the Stars: West Side Story (1961)
423,"Film,Free Summer Movies,WaterfrontFree",09/20/2017,https://www.nycgovparks.org/events/2017/09/20/outdoor-movie-night-malcolm-x,Outdoor Movie Night: Malcolm X
424,"Film,Free Summer Movies,Movies Under the StarsFree",09/20/2017,https://www.nycgovparks.org/events/2017/09/20/movies-under-the-stars-beauty-and-the-beast2,Movies Under the Stars: Beauty and the Beast
425,FitnessFree,09/21/2017,https://www.nycgovparks.org/events/2017/09/21/morning-fitness-at-fort-tryon-park,Morning Fitness at Fort Tryon Park
426,"Education,FitnessFree",09/21/2017,https://www.nycgovparks.org/events/2017/09/21/bryant-park-tai-chi,Bryant Park Tai Chi
427,"Nature,Fitness,Waterfront,Outdoor Fitness,SeniorsFree",09/21/2017,https://www.nycgovparks.org/events/2017/09/21/fitness-walk,Fitness Walk
428,"Accessible,Art,HistoryFree",09/21/2017,https://www.nycgovparks.org/events/2017/09/21/the-bronx-meets-east-africa,The Bronx Meets East Africa
429,"Accessible,FitnessFree",09/21/2017,https://www.nycgovparks.org/events/2017/09/21/shape-up-dance-movement-for-fitness,Shape Up NYC: Dance Movement for Fitness
430,"Nature,Volunteer,SeniorsFree",09/21/2017,https://www.nycgovparks.org/events/2017/09/21/biweekly-gardening-club,Bi-weekly Gardening Club
431,"Art,History,ToursFree",09/21/2017,https://www.nycgovparks.org/events/2017/09/21/conference-house-inside-out,Conference House: Inside Out
432,"Education,Nature,ToursFree",09/21/2017,https://www.nycgovparks.org/events/2017/09/21/central-park-tour-stroll-to-strawberry-fields,Central Park Tour: Stroll to Strawberry Fields
433,"Accessible,Markets,Food",09/21/2017,https://www.nycgovparks.org/events/2017/09/21/hudson-yards-farmers-market,Hudson Yards Farmers Market
434,"Education,Nature,History,ToursFree",09/21/2017,https://www.nycgovparks.org/events/2017/09/21/tour-the-battery,Tour The Battery
435,"Arts & Crafts,Best for KidsFree",09/21/2017,https://www.nycgovparks.org/events/2017/09/21/kids-imaginative-arts,Kids Imaginative Arts
436,"Education,Games,Best for KidsFree",09/21/2017,https://www.nycgovparks.org/events/2017/09/21/summer-on-the-hudson-human-chess,Summer on the Hudson: Human Chess
437,"Birding,Nature,WildlifeFree",09/21/2017,https://www.nycgovparks.org/events/2017/09/21/bryant-park-fall-birding-tours,Bryant Park Fall Birding Tours
438,"Accessible,SportsFree",09/21/2017,https://www.nycgovparks.org/events/2017/09/21/nyc-parks-wheelchair-softball,NYC Parks Wheelchair Softball
439,"Fitness,Sports,Outdoor FitnessFree",09/21/2017,https://www.nycgovparks.org/events/2017/09/21/open-track-night,Open Track Night
440,"Fitness,Outdoor FitnessFree",09/21/2017,https://www.nycgovparks.org/events/2017/09/21/summer-on-the-hudson-yoga-flow,Summer on the Hudson: Yoga Flow
441,FitnessFree,09/21/2017,https://www.nycgovparks.org/events/2017/09/21/nyrr-open-run-flushing-meadows-corona-park,NYRR Open Run: Flushing Meadows Corona Park
442,"Accessible,Film,Free Summer Movies,Movies Under the StarsFree",09/21/2017,https://www.nycgovparks.org/events/2017/09/21/movies-under-the-stars-white-men-cant-jump-r,Movies Under the Stars: White Men Can't Jump (R)
443,"Film,Free Summer Movies,Movies Under the StarsFree",09/21/2017,https://www.nycgovparks.org/events/2017/09/21/movies-under-the-stars-breakfast-at-tiffanys-1960,Movies Under the Stars: Breakfast at Tiffany's (1960)
444,"Film,Free Summer Movies,Movies Under the StarsFree",09/21/2017,https://www.nycgovparks.org/events/2017/09/21/movies-under-the-stars-guardians-of-the-galaxy-vol-2,Movies Under the Stars: Guardians of the Galaxy Vol. 2
445,"Film,Free Summer MoviesFree",09/21/2017,https://www.nycgovparks.org/events/2017/09/21/free-movies-in-hudson-park-back-to-the-future,Free Movies in Hudson Park: Back to the Future
446,"Film,Best for Kids,Free Summer Movies,Movies Under the StarsFree",09/21/2017,https://www.nycgovparks.org/events/2017/09/21/movies-under-the-stars-captain-underpants,Movies Under the Stars: Captain Underpants
447,"Accessible,Art,HistoryFree",09/22/2017,https://www.nycgovparks.org/events/2017/09/22/the-bronx-meets-east-africa,The Bronx Meets East Africa
448,"Art,History,ToursFree",09/22/2017,https://www.nycgovparks.org/events/2017/09/22/conference-house-inside-out,Conference House: Inside Out
449,"Education,Nature,History,Tours,Seniors",09/22/2017,https://www.nycgovparks.org/events/2017/09/22/central-park-tour-iconic-views-of-central-park,Central Park Tour: Iconic Views of Central Park
450,"Nature,Tours,Waterfront,WildlifeFree",09/22/2017,https://www.nycgovparks.org/events/2017/09/22/weekend-nature-exploration,Weekend Nature Exploration
451,"Nature,Best for Kids,HikingFree",09/22/2017,https://www.nycgovparks.org/events/2017/09/22/autumn-equinox-discovery-hike,Autumn Equinox: Discovery Hike
452,"Accessible,Arts & Crafts,Art,SeniorsFree",09/22/2017,https://www.nycgovparks.org/events/2017/09/22/adult-imaginative-arts,Adult Imaginative Arts
453,"Arts & Crafts,Best for Kids,Fourth of JulyFree",09/22/2017,https://www.nycgovparks.org/events/2017/09/22/seasonal-arts-and-crafts,Seasonal Arts and Crafts
454,SportsFree,09/22/2017,https://www.nycgovparks.org/events/2017/09/22/girls-basketball-clinic,Girls Basketball Clinic
455,"Concerts,Dance,Festivals,Games,FoodFree",09/22/2017,https://www.nycgovparks.org/events/2017/09/22/bryant-park-square-dance,Bryant Park Square Dance
456,"Accessible,Games,WaterfrontFree",09/22/2017,https://www.nycgovparks.org/events/2017/09/22/summer-on-the-hudson-bingo,Summer on the Hudson: Bingo
457,"Accessible,Art,Fitness,Best for KidsFree",09/22/2017,https://www.nycgovparks.org/events/2017/09/22/yoga-and-public-art-in-virginia-park,Yoga and Public Art in Virginia Park
458,"Accessible,Dance,ArtFree",09/22/2017,https://www.nycgovparks.org/events/2017/09/22/d-a-n-c-i-t-e-c-t-u-r-e-constellation-in-seward-park,D A N C I T E C T U R E @ Constellation Performance in Seward Park
459,"Film,Free Summer Movies,Movies Under the StarsFree",09/22/2017,https://www.nycgovparks.org/events/2017/09/22/movies-under-the-stars-kong-skull-island1,Movies Under the Stars: Kong: Skull Island
460,"Accessible,Film,Movies Under the StarsFree",09/22/2017,https://www.nycgovparks.org/events/2017/09/22/movies-under-the-stars-rogue-one-a-star-wars-story,Movies Under the Stars: Rogue One: A Star Wars Story
461,"Accessible,Film,Free Summer Movies,Movies Under the StarsFree",09/22/2017,https://www.nycgovparks.org/events/2017/09/22/movies-under-the-stars-wonder-woman-2017,Movies Under the Stars: Wonder Woman (2017)
462,"Film,Free Summer Movies,Movies Under the StarsFree",09/22/2017,https://www.nycgovparks.org/events/2017/09/22/movies-under-the-stars-power-rangers-2017,Movies Under the Stars: Power Rangers (2017)
463,"Film,Best for Kids,Free Summer Movies,Movies Under the StarsFree",09/22/2017,https://www.nycgovparks.org/events/2017/09/22/movies-under-the-stars-the-mighty-ducks,Movies Under the Stars: The Mighty Ducks
464,"Film,Best for Kids,Free Summer Movies,Movies Under the StarsFree",09/22/2017,https://www.nycgovparks.org/events/2017/09/22/movies-under-the-stars-the-lego-batman-movie,Movies Under the Stars: The LEGO Batman Movie
465,"Film,Best for Kids,Free Summer Movies,Movies Under the StarsFree",09/22/2017,https://www.nycgovparks.org/events/2017/09/22/movies-under-the-stars-ice-age-collision-course,Movies Under the Stars: Ice Age: Collision Course
466,FitnessFree,09/23/2017,https://www.nycgovparks.org/events/2017/09/23/van-cortlandt-track-club,Van Cortlandt Track Club
467,"Birding,Education,Nature,Tours,WildlifeFree",09/23/2017,https://www.nycgovparks.org/events/2017/09/23/bird-walks,Bird Walks
468,"Markets,Food,WaterfrontFree",09/23/2017,https://www.nycgovparks.org/events/2017/09/23/socrates-farmers-market,Socrates Farmers Market
469,FitnessFree,09/23/2017,https://www.nycgovparks.org/events/2017/09/23/morning-fitness-at-fort-tryon-park,Morning Fitness at Fort Tryon Park
470,FitnessFree,09/23/2017,https://www.nycgovparks.org/events/2017/09/23/nyrr-open-run-soundview-park,NYRR Open Run: Soundview Park
471,"Fitness,Outdoor FitnessFree",09/23/2017,https://www.nycgovparks.org/events/2017/09/23/nyrr-open-run-astoria-park,NYRR Open Run: Astoria Park
472,FitnessFree,09/23/2017,https://www.nycgovparks.org/events/2017/09/23/nyrr-open-run-canarsie-park,NYRR Open Run: Canarsie Park
473,FitnessFree,09/23/2017,https://www.nycgovparks.org/events/2017/09/23/nyrr-open-run-inwood-hill-park,NYRR Open Run: Inwood Hill Park
474,FitnessFree,09/23/2017,https://www.nycgovparks.org/events/2017/09/23/nyrr-open-run-st-marys-park,NYRR Open Run: St. Mary's Park
475,"Volunteer,It's My ParkFree",09/23/2017,https://www.nycgovparks.org/events/2017/09/23/its-my-park-at-northerleigh-park,It's My Park at Northerleigh Park
476,"Volunteer,It's My ParkFree",09/23/2017,https://www.nycgovparks.org/events/2017/09/23/its-my-park-at-rainey-park,It's My Park at Rainey Park
477,"Markets,Food",09/23/2017,https://www.nycgovparks.org/events/2017/09/23/hattie-carthan-community-saturday-farmers-market,Hattie Carthan Community Saturday Farmers Market
478,"Accessible,Art,HistoryFree",09/23/2017,https://www.nycgovparks.org/events/2017/09/23/the-bronx-meets-east-africa,The Bronx Meets East Africa
479,"Volunteer,It's My ParkFree",09/23/2017,https://www.nycgovparks.org/events/2017/09/23/its-my-park-at-paul-raimonda-playground,It's My Park at Paul Raimonda Playground
480,"Accessible,FitnessFree",09/23/2017,https://www.nycgovparks.org/events/2017/09/23/shape-up-zumbaadults,Shape Up NYC: Zumba - Adults
481,"Nature,Volunteer,WaterfrontFree",09/23/2017,https://www.nycgovparks.org/events/2017/09/23/green-team,Green Team
482,"Education,Nature,Fitness,Best for Kids,Tours,Outdoor Fitness,SeniorsFree",09/23/2017,https://www.nycgovparks.org/events/2017/09/23/claremont-in-motion-bike-ride,Claremont in Motion Bike Ride
483,"Volunteer,It's My ParkFree",09/23/2017,https://www.nycgovparks.org/events/2017/09/23/its-my-park-at-owls-head-park,It's My Park at Owl's Head Park
484,"Birding,Nature,WildlifeFree",09/23/2017,https://www.nycgovparks.org/events/2017/09/23/rangers-choice-birding-road-trip,Ranger's Choice: Birding Road Trip
485,"Arts & Crafts,Nature,Best for KidsFree",09/23/2017,https://www.nycgovparks.org/events/2017/09/23/family-art-project-wave-hill-ecology-in-a-bowl,Family Art Project: Wave Hill Ecology in a Bowl
486,"Volunteer,It's My ParkFree",09/23/2017,https://www.nycgovparks.org/events/2017/09/23/its-my-park-at-red-hook-recreation-area,It's My Park at Red Hook Recreation Area
487,VolunteerFree,09/23/2017,https://www.nycgovparks.org/events/2017/09/23/saturday-woodland-corps,Saturday Woodland Corps
488,AccessibleFree,09/23/2017,https://www.nycgovparks.org/events/2017/09/23/the-major-league-wheelchair-softball-tournament,The 17th Annual Major League Wheelchair Softball Tournament
489,"Volunteer,It's My ParkFree",09/23/2017,https://www.nycgovparks.org/events/2017/09/23/its-my-park-at-drew-playground,It's My Park at Drew Playground
490,"Art,History,ToursFree",09/23/2017,https://www.nycgovparks.org/events/2017/09/23/conference-house-inside-out,Conference House: Inside Out
491,"Fitness,Outdoor FitnessFree",09/23/2017,https://www.nycgovparks.org/events/2017/09/23/summer-on-the-hudson-butt-gut,Summer on the Hudson: Butt & Gut
492,"Dance,Fitness,Sports,Waterfront,Outdoor FitnessFree",09/23/2017,https://www.nycgovparks.org/events/2017/09/23/summer-on-the-hudson-shape-up-nyc-zumba-in-west-harlem-piers-park,Summer on the Hudson: Shape Up NYC Zumba in West Harlem Piers Park
493,Best for KidsFree,09/23/2017,https://www.nycgovparks.org/events/2017/09/23/stories-at-the-statue-of-hans-christian-andersen,Stories at the Statue of Hans Christian Andersen
494,"Art,Fitness,Sports,Outdoor Fitness,SeniorsFree",09/23/2017,https://www.nycgovparks.org/events/2017/09/23/public-art-and-yoga-in-fort-greene-park,Public Art and Yoga In Fort Greene Park
495,"Nature,ToursFree",09/23/2017,https://www.nycgovparks.org/events/2017/09/23/garden-highlights-walk,Garden Highlights Walk
496,"Nature,HikingFree",09/23/2017,https://www.nycgovparks.org/events/2017/09/23/nature-exploration-hike-moderate,Nature Exploration Hike (Moderate)
497,"Birding,NatureFree",09/23/2017,https://www.nycgovparks.org/events/2017/09/23/birding,Birding
498,"Arts & Crafts,Education,Nature,Games,Best for Kids,Waterfront,FishingFree",09/23/2017,https://www.nycgovparks.org/events/2017/09/23/get-hooked,Get Hooked
499,"Nature,Festivals,Games,Best for Kids,Fall FestivalsFree",09/23/2017,https://www.nycgovparks.org/events/2017/09/23/harlem-growns-fall-harvest-fair,Harlem Grown's Fall Harvest Fair
